,ranking_date,rank,player,points,20200106,1,104745,9985
538961,19970922.0,803.0,103819.0,12.0,,,,
540530,19971006.0,799.0,103819.0,12.0,,,,
542092,19971013.0,800.0,103819.0,12.0,,,,
543658,19971020.0,803.0,103819.0,12.0,,,,
545224,19971027.0,806.0,103819.0,12.0,,,,
546782,19971103.0,802.0,103819.0,12.0,,,,
548337,19971110.0,799.0,103819.0,12.0,,,,
549801,19971117.0,700.0,103819.0,19.0,,,,
551350,19971124.0,692.0,103819.0,19.0,,,,
552918,19971201.0,699.0,103819.0,19.0,,,,
554488,19971208.0,698.0,103819.0,19.0,,,,
556077,19971215.0,704.0,103819.0,19.0,,,,
557675,19971222.0,704.0,103819.0,,,,,
559268,19971229.0,704.0,103819.0,,,,,
560861,19980105.0,704.0,103819.0,,,,,
562456,19980112.0,705.0,103819.0,19.0,,,,
564058,19980119.0,706.0,103819.0,19.0,,,,
565652,19980126.0,706.0,103819.0,,,,,
567244,19980202.0,703.0,103819.0,19.0,,,,
568836,19980209.0,703.0,103819.0,19.0,,,,
570434,19980216.0,704.0,103819.0,19.0,,,,
572033,19980223.0,705.0,103819.0,19.0,,,,
573627,19980302.0,704.0,103819.0,19.0,,,,
575234,19980309.0,708.0,103819.0,19.0,,,,
576840,19980316.0,707.0,103819.0,19.0,,,,
578447,19980323.0,707.0,103819.0,,,,,
580050,19980330.0,710.0,103819.0,19.0,,,,
581663,19980406.0,711.0,103819.0,19.0,,,,
583275,19980413.0,712.0,103819.0,19.0,,,,
584885,19980420.0,710.0,103819.0,19.0,,,,
586491,19980427.0,711.0,103819.0,19.0,,,,
588104,19980504.0,711.0,103819.0,19.0,,,,
589703,19980511.0,705.0,103819.0,19.0,,,,
591297,19980518.0,704.0,103819.0,19.0,,,,
592886,19980525.0,704.0,103819.0,19.0,,,,
594488,19980601.0,704.0,103819.0,,,,,
596088,19980608.0,708.0,103819.0,19.0,,,,
597688,19980615.0,699.0,103819.0,19.0,,,,
599295,19980622.0,699.0,103819.0,19.0,,,,
600895,19980629.0,699.0,103819.0,,,,,
602495,19980706.0,702.0,103819.0,19.0,,,,
604089,19980713.0,693.0,103819.0,20.0,,,,
605668,19980720.0,689.0,103819.0,20.0,,,,
607234,19980727.0,683.0,103819.0,20.0,,,,
608804,19980803.0,679.0,103819.0,20.0,,,,
610375,19980810.0,679.0,103819.0,20.0,,,,
611957,19980817.0,679.0,103819.0,20.0,,,,
613537,19980824.0,680.0,103819.0,20.0,,,,
615134,19980831.0,682.0,103819.0,21.0,,,,
616739,19980907.0,682.0,103819.0,,,,,
618319,19980914.0,672.0,103819.0,21.0,,,,
620105,19980921.0,876.0,103819.0,9.0,,,,
621678,19980928.0,878.0,103819.0,9.0,,,,
622763,19981005.0,396.0,103819.0,77.0,,,,
624265,19981012.0,395.0,103819.0,78.0,,,,
625853,19981019.0,397.0,103819.0,78.0,,,,
627454,19981026.0,398.0,103819.0,78.0,,,,
629053,19981102.0,393.0,103819.0,78.0,,,,
630653,19981109.0,395.0,103819.0,78.0,,,,
632157,19981116.0,303.0,103819.0,119.0,,,,
633792,19981123.0,305.0,103819.0,119.0,,,,
635414,19981130.0,302.0,103819.0,119.0,,,,
638627,19981214.0,301.0,103819.0,119.0,,,,
640234,19981221.0,301.0,103819.0,119.0,,,,
641840,19981228.0,301.0,103819.0,119.0,,,,
643452,19990104.0,302.0,103819.0,119.0,,,,
645064,19990111.0,299.0,103819.0,119.0,,,,
646658,19990118.0,298.0,103819.0,119.0,,,,
648240,19990125.0,298.0,103819.0,119.0,,,,
649766,19990201.0,243.0,103819.0,173.0,,,,
651257,19990208.0,176.0,103819.0,262.0,,,,
652737,19990215.0,178.0,103819.0,262.0,,,,
654290,19990222.0,129.0,103819.0,358.0,,,,
655887,19990301.0,129.0,103819.0,358.0,,,,
657479,19990308.0,129.0,103819.0,366.0,,,,
659061,19990315.0,125.0,103819.0,366.0,,,,
660647,19990322.0,125.0,103819.0,366.0,,,,
662230,19990329.0,123.0,103819.0,367.0,,,,
663821,19990405.0,124.0,103819.0,367.0,,,,
665410,19990412.0,124.0,103819.0,367.0,,,,
667002,19990419.0,128.0,103819.0,367.0,,,,
668575,19990426.0,124.0,103819.0,368.0,,,,
670149,19990503.0,123.0,103819.0,369.0,,,,
671718,19990510.0,115.0,103819.0,424.0,,,,
673296,19990517.0,114.0,103819.0,424.0,,,,
674870,19990524.0,111.0,103819.0,424.0,,,,
676458,19990531.0,111.0,103819.0,424.0,,,,
678038,19990607.0,104.0,103819.0,457.0,,,,
679625,19990614.0,103.0,103819.0,457.0,,,,
681218,19990621.0,103.0,103819.0,457.0,,,,
682819,19990628.0,103.0,103819.0,457.0,,,,
684423,19990705.0,107.0,103819.0,457.0,,,,
686027,19990712.0,109.0,103819.0,457.0,,,,
687631,19990719.0,109.0,103819.0,457.0,,,,
689228,19990726.0,106.0,103819.0,457.0,,,,
690824,19990802.0,106.0,103819.0,457.0,,,,
692423,19990809.0,103.0,103819.0,466.0,,,,
694027,19990816.0,104.0,103819.0,466.0,,,,
695616,19990823.0,106.0,103819.0,466.0,,,,
697197,19990830.0,104.0,103819.0,466.0,,,,
698781,19990906.0,104.0,103819.0,466.0,,,,
700363,19990913.0,104.0,103819.0,468.0,,,,
701932,19990920.0,95.0,103819.0,510.0,,,,
703513,19990927.0,96.0,103819.0,510.0,,,,
705107,19991004.0,106.0,103819.0,472.0,,,,
706680,19991011.0,93.0,103819.0,525.0,,,,
708235,19991018.0,67.0,103819.0,683.0,,,,
709832,19991025.0,66.0,103819.0,700.0,,,,
711419,19991101.0,57.0,103819.0,794.0,,,,
713016,19991108.0,58.0,103819.0,794.0,,,,
714619,19991115.0,65.0,103819.0,749.0,,,,
716211,19991122.0,64.0,103819.0,749.0,,,,
717797,19991129.0,64.0,103819.0,749.0,,,,
719376,19991206.0,64.0,103819.0,749.0,,,,
720956,19991213.0,64.0,103819.0,749.0,,,,
722527,19991220.0,64.0,103819.0,749.0,,,,
724098,19991227.0,64.0,103819.0,749.0,,,,
60,20000110.0,61.0,103819.0,616.0,,,,
1633,20000117.0,62.0,103819.0,620.0,,,,
3204,20000124.0,62.0,103819.0,620.0,,,,
4773,20000131.0,61.0,103819.0,652.0,,,,
6353,20000207.0,67.0,103819.0,582.0,,,,
7914,20000214.0,54.0,103819.0,701.0,,,,
9496,20000221.0,66.0,103819.0,625.0,,,,
11058,20000228.0,58.0,103819.0,684.0,,,,
12622,20000306.0,49.0,103819.0,753.0,,,,
14204,20000313.0,50.0,103819.0,753.0,,,,
15791,20000320.0,53.0,103819.0,753.0,,,,
17385,20000327.0,53.0,103819.0,753.0,,,,
18975,20000403.0,50.0,103819.0,767.0,,,,
20568,20000410.0,48.0,103819.0,767.0,,,,
22165,20000417.0,49.0,103819.0,767.0,,,,
23761,20000424.0,51.0,103819.0,771.0,,,,
25346,20000501.0,48.0,103819.0,774.0,,,,
26931,20000508.0,51.0,103819.0,732.0,,,,
28522,20000515.0,50.0,103819.0,735.0,,,,
30121,20000522.0,54.0,103819.0,735.0,,,,
31715,20000529.0,54.0,103819.0,735.0,,,,
33322,20000605.0,54.0,103819.0,735.0,,,,
34912,20000612.0,38.0,103819.0,859.0,,,,
36498,20000619.0,35.0,103819.0,914.0,,,,
38075,20000626.0,35.0,103819.0,914.0,,,,
39671,20000703.0,35.0,103819.0,914.0,,,,
41272,20000710.0,39.0,103819.0,911.0,,,,
42857,20000717.0,39.0,103819.0,911.0,,,,
44451,20000724.0,40.0,103819.0,911.0,,,,
46028,20000731.0,38.0,103819.0,911.0,,,,
47606,20000807.0,39.0,103819.0,902.0,,,,
49078,20000814.0,40.0,103819.0,892.0,,,,
50662,20000821.0,40.0,103819.0,892.0,,,,
52240,20000828.0,40.0,103819.0,892.0,,,,
53819,20000904.0,40.0,103819.0,892.0,,,,
55394,20000911.0,36.0,103819.0,943.0,,,,
56961,20000918.0,36.0,103819.0,933.0,,,,
58556,20000925.0,36.0,103819.0,933.0,,,,
60147,20001002.0,30.0,103819.0,1064.0,,,,
61775,20001009.0,31.0,103819.0,1036.0,,,,
63417,20001016.0,32.0,103819.0,1018.0,,,,
65043,20001023.0,34.0,103819.0,1018.0,,,,
66661,20001030.0,25.0,103819.0,1115.0,,,,
68290,20001106.0,24.0,103819.0,1135.0,,,,
69918,20001113.0,24.0,103819.0,1135.0,,,,
71551,20001120.0,29.0,103819.0,1080.0,,,,
73170,20001127.0,29.0,103819.0,1080.0,,,,
74789,20001204.0,29.0,103819.0,1080.0,,,,
76403,20001211.0,29.0,103819.0,1080.0,,,,
78009,20001218.0,29.0,103819.0,1080.0,,,,
79616,20001225.0,29.0,103819.0,1080.0,,,,
81222,20010101.0,29.0,103819.0,1080.0,,,,
82829,20010108.0,30.0,103819.0,1080.0,,,,
84434,20010115.0,29.0,103819.0,1080.0,,,,
86040,20010122.0,29.0,103819.0,1080.0,,,,
87643,20010129.0,27.0,103819.0,1080.0,,,,
89239,20010205.0,22.0,103819.0,1195.0,,,,
90842,20010212.0,23.0,103819.0,1135.0,,,,
92438,20010219.0,23.0,103819.0,1150.0,,,,
94025,20010226.0,20.0,103819.0,1250.0,,,,
95623,20010305.0,20.0,103819.0,1250.0,,,,
97228,20010312.0,21.0,103819.0,1250.0,,,,
98827,20010319.0,24.0,103819.0,1180.0,,,,
100421,20010326.0,24.0,103819.0,1180.0,,,,
102011,20010402.0,21.0,103819.0,1290.0,,,,
103603,20010409.0,21.0,103819.0,1290.0,,,,
105200,20010416.0,22.0,103819.0,1290.0,,,,
106793,20010423.0,19.0,103819.0,1410.0,,,,
108387,20010430.0,19.0,103819.0,1410.0,,,,
109978,20010507.0,18.0,103819.0,1410.0,,,,
111570,20010514.0,18.0,103819.0,1480.0,,,,
113167,20010521.0,18.0,103819.0,1480.0,,,,
114772,20010528.0,18.0,103819.0,1480.0,,,,
116380,20010604.0,18.0,103819.0,1480.0,,,,
117983,20010611.0,14.0,103819.0,1580.0,,,,
119608,20010618.0,15.0,103819.0,1580.0,,,,
121233,20010625.0,15.0,103819.0,1580.0,,,,
122852,20010702.0,15.0,103819.0,1580.0,,,,
124468,20010709.0,14.0,103819.0,1825.0,,,,
126080,20010716.0,14.0,103819.0,1825.0,,,,
127689,20010723.0,14.0,103819.0,1825.0,,,,
129304,20010730.0,14.0,103819.0,1825.0,,,,
130922,20010806.0,14.0,103819.0,1820.0,,,,
132535,20010813.0,13.0,103819.0,1815.0,,,,
134149,20010820.0,13.0,103819.0,1815.0,,,,
135771,20010827.0,13.0,103819.0,1815.0,,,,
137393,20010903.0,13.0,103819.0,1815.0,,,,
139012,20010910.0,12.0,103819.0,1890.0,,,,
140643,20010917.0,12.0,103819.0,1890.0,,,,
142270,20010924.0,12.0,103819.0,1890.0,,,,
143937,20011001.0,12.0,103819.0,1810.0,,,,
145596,20011008.0,12.0,103819.0,1810.0,,,,
147248,20011015.0,12.0,103819.0,1775.0,,,,
148895,20011022.0,13.0,103819.0,1745.0,,,,
150538,20011029.0,13.0,103819.0,1745.0,,,,
152200,20011105.0,12.0,103819.0,1745.0,,,,
153864,20011112.0,12.0,103819.0,1745.0,,,,
155515,20011119.0,13.0,103819.0,1745.0,,,,
157170,20011126.0,13.0,103819.0,1745.0,,,,
158833,20011203.0,13.0,103819.0,1745.0,,,,
160498,20011210.0,13.0,103819.0,1745.0,,,,
162169,20011217.0,13.0,103819.0,1745.0,,,,
163838,20011224.0,13.0,103819.0,1745.0,,,,
165505,20011231.0,13.0,103819.0,1745.0,,,,
167172,20020107.0,13.0,103819.0,1745.0,,,,
168839,20020114.0,12.0,103819.0,1845.0,,,,
170508,20020121.0,12.0,103819.0,1845.0,,,,
172176,20020128.0,13.0,103819.0,1920.0,,,,
173841,20020204.0,13.0,103819.0,1865.0,,,,
175511,20020211.0,13.0,103819.0,1865.0,,,,
177185,20020218.0,13.0,103819.0,1865.0,,,,
178860,20020225.0,14.0,103819.0,1750.0,,,,
180526,20020304.0,14.0,103819.0,1750.0,,,,
182191,20020311.0,14.0,103819.0,1750.0,,,,
183859,20020318.0,14.0,103819.0,1820.0,,,,
185529,20020325.0,14.0,103819.0,1820.0,,,,
187194,20020401.0,11.0,103819.0,2045.0,,,,
188868,20020408.0,11.0,103819.0,2045.0,,,,
190538,20020415.0,11.0,103819.0,2045.0,,,,
192213,20020422.0,11.0,103819.0,1955.0,,,,
193891,20020429.0,11.0,103819.0,1955.0,,,,
195480,20020506.0,11.0,103819.0,1955.0,,,,
197171,20020513.0,14.0,103819.0,1885.0,,,,
198851,20020520.0,8.0,103819.0,2380.0,,,,
200537,20020527.0,8.0,103819.0,2380.0,,,,
202232,20020603.0,8.0,103819.0,2380.0,,,,
203927,20020610.0,10.0,103819.0,2135.0,,,,
205613,20020617.0,9.0,103819.0,2175.0,,,,
207304,20020624.0,9.0,103819.0,2160.0,,,,
208988,20020701.0,9.0,103819.0,2160.0,,,,
210673,20020708.0,11.0,103819.0,1915.0,,,,
212082,20020715.0,10.0,103819.0,1915.0,,,,
213780,20020722.0,10.0,103819.0,1915.0,,,,
215184,20020729.0,10.0,103819.0,1915.0,,,,
216588,20020805.0,14.0,103819.0,1920.0,,,,
217991,20020812.0,13.0,103819.0,1925.0,,,,
219400,20020819.0,13.0,103819.0,1925.0,,,,
220809,20020826.0,13.0,103819.0,1925.0,,,,
222222,20020902.0,13.0,103819.0,1925.0,,,,
223634,20020909.0,13.0,103819.0,1925.0,,,,
225051,20020916.0,13.0,103819.0,1925.0,,,,
226466,20020923.0,13.0,103819.0,1925.0,,,,
228170,20020930.0,13.0,103819.0,1925.0,,,,
229872,20021007.0,13.0,103819.0,1925.0,,,,
231560,20021014.0,7.0,103819.0,2115.0,,,,
233259,20021021.0,8.0,103819.0,2235.0,,,,
234959,20021028.0,8.0,103819.0,2170.0,,,,
236633,20021104.0,6.0,103819.0,2290.0,,,,
238312,20021111.0,6.0,103819.0,2290.0,,,,
239996,20021118.0,6.0,103819.0,2590.0,,,,
241680,20021125.0,6.0,103819.0,2590.0,,,,
243358,20021202.0,6.0,103819.0,2590.0,,,,
245031,20021209.0,6.0,103819.0,2590.0,,,,
246690,20021216.0,6.0,103819.0,2590.0,,,,
248352,20021223.0,6.0,103819.0,2590.0,,,,
250014,20021230.0,6.0,103819.0,2590.0,,,,
251676,20030106.0,6.0,103819.0,2590.0,,,,
253341,20030113.0,6.0,103819.0,2475.0,,,,
255006,20030120.0,6.0,103819.0,2475.0,,,,
256669,20030127.0,5.0,103819.0,2475.0,,,,
258336,20030203.0,6.0,103819.0,2415.0,,,,
260000,20030210.0,6.0,103819.0,2415.0,,,,
261668,20030217.0,5.0,103819.0,2530.0,,,,
263337,20030224.0,5.0,103819.0,2580.0,,,,
265005,20030303.0,4.0,103819.0,2780.0,,,,
266674,20030310.0,4.0,103819.0,2780.0,,,,
268340,20030317.0,4.0,103819.0,2740.0,,,,
270008,20030324.0,4.0,103819.0,2740.0,,,,
271677,20030331.0,5.0,103819.0,2515.0,,,,
273342,20030407.0,5.0,103819.0,2515.0,,,,
275009,20030414.0,5.0,103819.0,2515.0,,,,
276676,20030421.0,5.0,103819.0,2480.0,,,,
278343,20030428.0,5.0,103819.0,2480.0,,,,
280016,20030505.0,5.0,103819.0,2545.0,,,,
281690,20030512.0,5.0,103819.0,2890.0,,,,
283368,20030519.0,5.0,103819.0,2465.0,,,,
285057,20030526.0,5.0,103819.0,2465.0,,,,
286742,20030602.0,5.0,103819.0,2465.0,,,,
288427,20030609.0,5.0,103819.0,2465.0,,,,
290118,20030616.0,5.0,103819.0,2580.0,,,,
291811,20030623.0,5.0,103819.0,2580.0,,,,
293510,20030630.0,5.0,103819.0,2580.0,,,,
295206,20030707.0,3.0,103819.0,3575.0,,,,
296898,20030714.0,3.0,103819.0,3575.0,,,,
298590,20030721.0,3.0,103819.0,3575.0,,,,
300286,20030728.0,3.0,103819.0,3575.0,,,,
301990,20030804.0,3.0,103819.0,3690.0,,,,
303682,20030811.0,2.0,103819.0,3910.0,,,,
305374,20030818.0,2.0,103819.0,3825.0,,,,
307070,20030825.0,2.0,103819.0,3825.0,,,,
308772,20030901.0,2.0,103819.0,3825.0,,,,
310476,20030908.0,3.0,103819.0,3825.0,,,,
312195,20030915.0,3.0,103819.0,3825.0,,,,
313922,20030922.0,3.0,103819.0,3825.0,,,,
315666,20030929.0,3.0,103819.0,3825.0,,,,
317417,20031006.0,3.0,103819.0,3825.0,,,,
319170,20031013.0,3.0,103819.0,3825.0,,,,
320924,20031020.0,3.0,103819.0,3925.0,,,,
322680,20031027.0,3.0,103819.0,3925.0,,,,
324432,20031103.0,3.0,103819.0,3625.0,,,,
326160,20031110.0,3.0,103819.0,3625.0,,,,
327878,20031117.0,2.0,103819.0,4375.0,,,,
329595,20031124.0,2.0,103819.0,4375.0,,,,
331309,20031201.0,2.0,103819.0,4375.0,,,,
333030,20031208.0,2.0,103819.0,4375.0,,,,
334765,20031215.0,2.0,103819.0,4375.0,,,,
336508,20031222.0,2.0,103819.0,4375.0,,,,
338251,20031229.0,2.0,103819.0,4375.0,,,,
339994,20040105.0,2.0,103819.0,4375.0,,,,
341737,20040112.0,2.0,103819.0,4375.0,,,,
343483,20040119.0,2.0,103819.0,4375.0,,,,
345229,20040126.0,2.0,103819.0,4375.0,,,,
346974,20040202.0,1.0,103819.0,5225.0,,,,
348713,20040209.0,1.0,103819.0,5225.0,,,,
350450,20040216.0,1.0,103819.0,5170.0,,,,
352186,20040223.0,1.0,103819.0,5170.0,,,,
353921,20040301.0,1.0,103819.0,4930.0,,,,
355654,20040308.0,1.0,103819.0,5170.0,,,,
357392,20040315.0,1.0,103819.0,5170.0,,,,
359130,20040322.0,1.0,103819.0,5635.0,,,,
360877,20040329.0,1.0,103819.0,5635.0,,,,
362625,20040405.0,1.0,103819.0,5545.0,,,,
364377,20040412.0,1.0,103819.0,5545.0,,,,
365799,20040419.0,1.0,103819.0,5605.0,,,,
367547,20040426.0,1.0,103819.0,5545.0,,,,
369295,20040503.0,1.0,103819.0,5430.0,,,,
371036,20040510.0,1.0,103819.0,5115.0,,,,
372777,20040517.0,1.0,103819.0,5540.0,,,,
374524,20040524.0,1.0,103819.0,5540.0,,,,
376278,20040531.0,1.0,103819.0,5540.0,,,,
378033,20040607.0,1.0,103819.0,5610.0,,,,
379788,20040614.0,1.0,103819.0,5610.0,,,,
381544,20040621.0,1.0,103819.0,5610.0,,,,
383299,20040628.0,1.0,103819.0,5610.0,,,,
385051,20040705.0,1.0,103819.0,5610.0,,,,
386819,20040712.0,1.0,103819.0,5665.0,,,,
388592,20040719.0,1.0,103819.0,5665.0,,,,
390363,20040726.0,1.0,103819.0,5665.0,,,,
392137,20040802.0,1.0,103819.0,6105.0,,,,
393910,20040809.0,1.0,103819.0,5885.0,,,,
395682,20040816.0,1.0,103819.0,5910.0,,,,
397453,20040823.0,1.0,103819.0,5910.0,,,,
399224,20040830.0,1.0,103819.0,5910.0,,,,
400666,20040906.0,1.0,103819.0,5910.0,,,,
402443,20040913.0,1.0,103819.0,6760.0,,,,
404214,20040920.0,1.0,103819.0,6760.0,,,,
405985,20040927.0,1.0,103819.0,6760.0,,,,
407741,20041004.0,1.0,103819.0,6875.0,,,,
409495,20041011.0,1.0,103819.0,6685.0,,,,
411256,20041018.0,1.0,103819.0,6485.0,,,,
413036,20041025.0,1.0,103819.0,6460.0,,,,
414812,20041101.0,1.0,103819.0,6360.0,,,,
416593,20041108.0,1.0,103819.0,5585.0,,,,
418375,20041115.0,1.0,103819.0,5585.0,,,,
420159,20041122.0,1.0,103819.0,6335.0,,,,
421958,20041129.0,1.0,103819.0,6335.0,,,,
423777,20041206.0,1.0,103819.0,6335.0,,,,
425596,20041213.0,1.0,103819.0,6335.0,,,,
427415,20041220.0,1.0,103819.0,6335.0,,,,
429241,20041227.0,1.0,103819.0,6335.0,,,,
431060,20050103.0,1.0,103819.0,6335.0,,,,
432879,20050110.0,1.0,103819.0,6525.0,,,,
434700,20050117.0,1.0,103819.0,6525.0,,,,
436522,20050124.0,1.0,103819.0,6525.0,,,,
438337,20050131.0,1.0,103819.0,5975.0,,,,
440166,20050207.0,1.0,103819.0,5975.0,,,,
441999,20050214.0,1.0,103819.0,5975.0,,,,
443840,20050221.0,1.0,103819.0,6050.0,,,,
445684,20050228.0,1.0,103819.0,6175.0,,,,
447529,20050307.0,1.0,103819.0,6050.0,,,,
449373,20050314.0,1.0,103819.0,6050.0,,,,
451210,20050321.0,1.0,103819.0,6050.0,,,,
453055,20050328.0,1.0,103819.0,6050.0,,,,
454893,20050404.0,1.0,103819.0,6515.0,,,,
456733,20050411.0,1.0,103819.0,6515.0,,,,
458572,20050418.0,1.0,103819.0,6465.0,,,,
460414,20050425.0,1.0,103819.0,6640.0,,,,
462256,20050502.0,1.0,103819.0,6640.0,,,,
464104,20050509.0,1.0,103819.0,6605.0,,,,
465946,20050516.0,1.0,103819.0,6605.0,,,,
467798,20050523.0,1.0,103819.0,6605.0,,,,
469656,20050530.0,1.0,103819.0,6605.0,,,,
471508,20050606.0,1.0,103819.0,6980.0,,,,
473379,20050613.0,1.0,103819.0,6980.0,,,,
475262,20050620.0,1.0,103819.0,6980.0,,,,
477144,20050627.0,1.0,103819.0,6980.0,,,,
479021,20050704.0,1.0,103819.0,6980.0,,,,
480888,20050711.0,1.0,103819.0,6980.0,,,,
482745,20050718.0,1.0,103819.0,6980.0,,,,
484605,20050725.0,1.0,103819.0,6980.0,,,,
486464,20050801.0,1.0,103819.0,6505.0,,,,
488333,20050808.0,1.0,103819.0,6500.0,,,,
490201,20050815.0,1.0,103819.0,6500.0,,,,
492074,20050822.0,1.0,103819.0,6975.0,,,,
493953,20050829.0,1.0,103819.0,6975.0,,,,
495457,20050905.0,1.0,103819.0,6975.0,,,,
496958,20050912.0,1.0,103819.0,6975.0,,,,
498866,20050919.0,1.0,103819.0,6975.0,,,,
500790,20050926.0,1.0,103819.0,6975.0,,,,
502309,20051003.0,1.0,103819.0,6975.0,,,,
503824,20051010.0,1.0,103819.0,6975.0,,,,
505352,20051017.0,1.0,103819.0,6975.0,,,,
506889,20051024.0,1.0,103819.0,6975.0,,,,
508427,20051031.0,1.0,103819.0,6975.0,,,,
509971,20051107.0,1.0,103819.0,6225.0,,,,
511513,20051114.0,1.0,103819.0,6225.0,,,,
513052,20051121.0,1.0,103819.0,6725.0,,,,
514577,20051128.0,1.0,103819.0,6725.0,,,,
516095,20051205.0,1.0,103819.0,6725.0,,,,
517598,20051212.0,1.0,103819.0,6725.0,,,,
519513,20051219.0,1.0,103819.0,6725.0,,,,
521283,20051226.0,1.0,103819.0,6725.0,,,,
523206,20060102.0,1.0,103819.0,6725.0,,,,
525130,20060109.0,1.0,103819.0,6725.0,,,,
527051,20060116.0,1.0,103819.0,6725.0,,,,
528972,20060123.0,1.0,103819.0,6725.0,,,,
530892,20060130.0,1.0,103819.0,7275.0,,,,
532807,20060206.0,1.0,103819.0,7275.0,,,,
534720,20060213.0,1.0,103819.0,7275.0,,,,
536630,20060220.0,1.0,103819.0,7025.0,,,,
538540,20060227.0,1.0,103819.0,6725.0,,,,
540450,20060306.0,1.0,103819.0,6935.0,,,,
542362,20060313.0,1.0,103819.0,6935.0,,,,
544275,20060320.0,1.0,103819.0,6935.0,,,,
546198,20060327.0,1.0,103819.0,6935.0,,,,
548119,20060403.0,1.0,103819.0,6935.0,,,,
550058,20060410.0,1.0,103819.0,6935.0,,,,
552006,20060417.0,1.0,103819.0,6810.0,,,,
553951,20060424.0,1.0,103819.0,7160.0,,,,
555894,20060501.0,1.0,103819.0,7160.0,,,,
557843,20060508.0,1.0,103819.0,7160.0,,,,
559799,20060515.0,1.0,103819.0,7010.0,,,,
561754,20060522.0,1.0,103819.0,7010.0,,,,
563708,20060529.0,1.0,103819.0,7010.0,,,,
565685,20060605.0,1.0,103819.0,7010.0,,,,
567661,20060612.0,1.0,103819.0,7035.0,,,,
569627,20060619.0,1.0,103819.0,7260.0,,,,
571588,20060626.0,1.0,103819.0,7260.0,,,,
573566,20060703.0,1.0,103819.0,7260.0,,,,
575542,20060710.0,1.0,103819.0,7260.0,,,,
577520,20060717.0,1.0,103819.0,7260.0,,,,
579506,20060724.0,1.0,103819.0,7260.0,,,,
581505,20060731.0,1.0,103819.0,7260.0,,,,
583511,20060807.0,1.0,103819.0,7260.0,,,,
585527,20060814.0,1.0,103819.0,7760.0,,,,
587546,20060821.0,1.0,103819.0,7295.0,,,,
589578,20060828.0,1.0,103819.0,7295.0,,,,
591606,20060904.0,1.0,103819.0,7295.0,,,,
593632,20060911.0,1.0,103819.0,7295.0,,,,
595667,20060918.0,1.0,103819.0,7295.0,,,,
597685,20060925.0,1.0,103819.0,7295.0,,,,
599708,20061002.0,1.0,103819.0,7120.0,,,,
601618,20061009.0,1.0,103819.0,7370.0,,,,
603621,20061016.0,1.0,103819.0,7370.0,,,,
605616,20061023.0,1.0,103819.0,7870.0,,,,
607617,20061030.0,1.0,103819.0,8120.0,,,,
609608,20061106.0,1.0,103819.0,7620.0,,,,
611600,20061113.0,1.0,103819.0,7620.0,,,,
613586,20061120.0,1.0,103819.0,8370.0,,,,
615560,20061127.0,1.0,103819.0,8370.0,,,,
617521,20061204.0,1.0,103819.0,8370.0,,,,
619492,20061211.0,1.0,103819.0,8370.0,,,,
621464,20061218.0,1.0,103819.0,8370.0,,,,
623442,20061225.0,1.0,103819.0,8370.0,,,,
625420,20070101.0,1.0,103819.0,8370.0,,,,
627398,20070108.0,1.0,103819.0,8120.0,,,,
629372,20070115.0,1.0,103819.0,8120.0,,,,
631347,20070122.0,1.0,103819.0,8120.0,,,,
633322,20070129.0,1.0,103819.0,8120.0,,,,
635293,20070205.0,1.0,103819.0,8120.0,,,,
636830,20070212.0,1.0,103819.0,8120.0,,,,
638737,20070219.0,1.0,103819.0,8120.0,,,,
640702,20070226.0,1.0,103819.0,8120.0,,,,
642663,20070305.0,1.0,103819.0,8210.0,,,,
644612,20070312.0,1.0,103819.0,8210.0,,,,
646561,20070319.0,1.0,103819.0,7715.0,,,,
648491,20070326.0,1.0,103819.0,7715.0,,,,
650421,20070402.0,1.0,103819.0,7290.0,,,,
652357,20070409.0,1.0,103819.0,7290.0,,,,
654279,20070416.0,1.0,103819.0,7290.0,,,,
656200,20070423.0,1.0,103819.0,7290.0,,,,
658123,20070430.0,1.0,103819.0,7290.0,,,,
660031,20070507.0,1.0,103819.0,7290.0,,,,
661931,20070514.0,1.0,103819.0,7015.0,,,,
663829,20070521.0,1.0,103819.0,7515.0,,,,
665738,20070528.0,1.0,103819.0,7515.0,,,,
667647,20070604.0,1.0,103819.0,7515.0,,,,
669556,20070611.0,1.0,103819.0,7515.0,,,,
671448,20070618.0,1.0,103819.0,7290.0,,,,
673341,20070625.0,1.0,103819.0,7290.0,,,,
675243,20070702.0,1.0,103819.0,7290.0,,,,
677145,20070709.0,1.0,103819.0,7290.0,,,,
679048,20070716.0,1.0,103819.0,7290.0,,,,
680948,20070723.0,1.0,103819.0,7290.0,,,,
682839,20070730.0,1.0,103819.0,7290.0,,,,
684723,20070806.0,1.0,103819.0,7290.0,,,,
686602,20070813.0,1.0,103819.0,7140.0,,,,
688475,20070820.0,1.0,103819.0,7605.0,,,,
690337,20070827.0,1.0,103819.0,7605.0,,,,
692195,20070903.0,1.0,103819.0,7605.0,,,,
694053,20070910.0,1.0,103819.0,7605.0,,,,
695913,20070917.0,1.0,103819.0,7605.0,,,,
697781,20070924.0,1.0,103819.0,7605.0,,,,
699635,20071001.0,1.0,103819.0,7605.0,,,,
701486,20071008.0,1.0,103819.0,7355.0,,,,
703340,20071015.0,1.0,103819.0,7355.0,,,,
705189,20071022.0,1.0,103819.0,7205.0,,,,
707025,20071029.0,1.0,103819.0,7205.0,,,,
708862,20071105.0,1.0,103819.0,6530.0,,,,
710705,20071112.0,1.0,103819.0,6530.0,,,,
712547,20071119.0,1.0,103819.0,7180.0,,,,
714389,20071126.0,1.0,103819.0,7180.0,,,,
716233,20071203.0,1.0,103819.0,7180.0,,,,
718071,20071210.0,1.0,103819.0,7180.0,,,,
719905,20071217.0,1.0,103819.0,7180.0,,,,
721738,20071224.0,1.0,103819.0,7180.0,,,,
723572,20071231.0,1.0,103819.0,7180.0,,,,
725407,20080107.0,1.0,103819.0,7180.0,,,,
727247,20080114.0,1.0,103819.0,7180.0,,,,
729087,20080121.0,1.0,103819.0,7180.0,,,,
730926,20080128.0,1.0,103819.0,6630.0,,,,
732773,20080204.0,1.0,103819.0,6630.0,,,,
734621,20080211.0,1.0,103819.0,6630.0,,,,
736469,20080218.0,1.0,103819.0,6630.0,,,,
738325,20080225.0,1.0,103819.0,6630.0,,,,
740182,20080303.0,1.0,103819.0,6330.0,,,,
742042,20080310.0,1.0,103819.0,6330.0,,,,
743905,20080317.0,1.0,103819.0,6330.0,,,,
745767,20080324.0,1.0,103819.0,6550.0,,,,
747629,20080331.0,1.0,103819.0,6550.0,,,,
749490,20080407.0,1.0,103819.0,6600.0,,,,
751338,20080414.0,1.0,103819.0,6600.0,,,,
753181,20080421.0,1.0,103819.0,6425.0,,,,
755018,20080428.0,1.0,103819.0,6775.0,,,,
756856,20080505.0,1.0,103819.0,6775.0,,,,
758695,20080512.0,1.0,103819.0,6825.0,,,,
760535,20080519.0,1.0,103819.0,6675.0,,,,
762390,20080526.0,1.0,103819.0,6675.0,,,,
764235,20080602.0,1.0,103819.0,6675.0,,,,
766079,20080609.0,1.0,103819.0,6675.0,,,,
767926,20080616.0,1.0,103819.0,6900.0,,,,
769777,20080623.0,1.0,103819.0,6900.0,,,,
771633,20080630.0,1.0,103819.0,6900.0,,,,
773490,20080707.0,1.0,103819.0,6600.0,,,,
775361,20080714.0,1.0,103819.0,6600.0,,,,
777248,20080721.0,1.0,103819.0,6600.0,,,,
779143,20080728.0,1.0,103819.0,6605.0,,,,
781043,20080804.0,1.0,103819.0,6680.0,,,,
782938,20080811.0,1.0,103819.0,6330.0,,,,
784830,20080818.0,2.0,103819.0,5930.0,,,,
786720,20080825.0,2.0,103819.0,5930.0,,,,
788601,20080901.0,2.0,103819.0,5930.0,,,,
790481,20080908.0,2.0,103819.0,5930.0,,,,
792381,20080915.0,2.0,103819.0,5930.0,,,,
794285,20080922.0,2.0,103819.0,5930.0,,,,
796204,20080929.0,2.0,103819.0,5930.0,,,,
798132,20081006.0,2.0,103819.0,5930.0,,,,
800072,20081013.0,2.0,103819.0,5930.0,,,,
802026,20081020.0,2.0,103819.0,5805.0,,,,
803989,20081027.0,2.0,103819.0,5805.0,,,,
805957,20081103.0,2.0,103819.0,5205.0,,,,
807920,20081110.0,2.0,103819.0,5205.0,,,,
809873,20081117.0,2.0,103819.0,5305.0,,,,
811817,20081124.0,2.0,103819.0,5305.0,,,,
813753,20081201.0,2.0,103819.0,5305.0,,,,
815688,20081208.0,2.0,103819.0,5305.0,,,,
817625,20081215.0,2.0,103819.0,5305.0,,,,
819560,20081222.0,2.0,103819.0,5305.0,,,,
821497,20081229.0,2.0,103819.0,5305.0,,,,
823434,20090105.0,2.0,103819.0,10610.0,,,,
825366,20090112.0,2.0,103819.0,10700.0,,,,
827298,20090119.0,2.0,103819.0,10700.0,,,,
829230,20090126.0,2.0,103819.0,10700.0,,,,
831162,20090202.0,2.0,103819.0,11000.0,,,,
833088,20090209.0,2.0,103819.0,11000.0,,,,
835013,20090216.0,2.0,103819.0,11000.0,,,,
836933,20090223.0,2.0,103819.0,11000.0,,,,
838852,20090302.0,2.0,103819.0,11000.0,,,,
840774,20090309.0,2.0,103819.0,11000.0,,,,
842696,20090316.0,2.0,103819.0,11000.0,,,,
844618,20090323.0,2.0,103819.0,10910.0,,,,
846533,20090330.0,2.0,103819.0,10910.0,,,,
848448,20090406.0,2.0,103819.0,11020.0,,,,
850365,20090413.0,2.0,103819.0,11020.0,,,,
852281,20090420.0,2.0,103819.0,10760.0,,,,
854191,20090427.0,2.0,103819.0,10060.0,,,,
856098,20090504.0,2.0,103819.0,10420.0,,,,
858008,20090511.0,2.0,103819.0,10170.0,,,,
859922,20090518.0,2.0,103819.0,10470.0,,,,
861837,20090525.0,2.0,103819.0,10470.0,,,,
863751,20090601.0,2.0,103819.0,10470.0,,,,
865665,20090608.0,2.0,103819.0,11070.0,,,,
867577,20090615.0,2.0,103819.0,10620.0,,,,
869488,20090622.0,2.0,103819.0,10620.0,,,,
871387,20090629.0,2.0,103819.0,10620.0,,,,
873285,20090706.0,1.0,103819.0,11220.0,,,,
875161,20090713.0,1.0,103819.0,11220.0,,,,
877037,20090720.0,1.0,103819.0,11220.0,,,,
878905,20090727.0,1.0,103819.0,11210.0,,,,
880774,20090803.0,1.0,103819.0,11060.0,,,,
882639,20090810.0,1.0,103819.0,11060.0,,,,
884497,20090817.0,1.0,103819.0,11040.0,,,,
886358,20090824.0,1.0,103819.0,12040.0,,,,
888210,20090831.0,1.0,103819.0,12040.0,,,,
890079,20090907.0,1.0,103819.0,12040.0,,,,
891948,20090914.0,1.0,103819.0,11240.0,,,,
893775,20090921.0,1.0,103819.0,11255.0,,,,
895594,20090928.0,1.0,103819.0,11255.0,,,,
897406,20091005.0,1.0,103819.0,11255.0,,,,
899215,20091012.0,1.0,103819.0,11255.0,,,,
901016,20091019.0,1.0,103819.0,10805.0,,,,
902816,20091026.0,1.0,103819.0,10305.0,,,,
904621,20091102.0,1.0,103819.0,10055.0,,,,
906429,20091109.0,1.0,103819.0,10340.0,,,,
908234,20091116.0,1.0,103819.0,10150.0,,,,
910037,20091123.0,1.0,103819.0,10150.0,,,,
911842,20091130.0,1.0,103819.0,10550.0,,,,
913654,20091207.0,1.0,103819.0,10550.0,,,,
915466,20091214.0,1.0,103819.0,10550.0,,,,
917280,20091221.0,1.0,103819.0,10550.0,,,,
919096,20091228.0,1.0,103819.0,10550.0,,,,
0,20100104.0,1.0,103819.0,10550.0,,,,
1812,20100111.0,1.0,103819.0,10550.0,,,,
3626,20100118.0,1.0,103819.0,10550.0,,,,
5439,20100125.0,1.0,103819.0,10550.0,,,,
7252,20100201.0,1.0,103819.0,11350.0,,,,
9062,20100208.0,1.0,103819.0,11350.0,,,,
10803,20100215.0,1.0,103819.0,11350.0,,,,
12603,20100222.0,1.0,103819.0,11350.0,,,,
14398,20100301.0,1.0,103819.0,11350.0,,,,
16195,20100308.0,1.0,103819.0,11350.0,,,,
17992,20100315.0,1.0,103819.0,11350.0,,,,
19789,20100322.0,1.0,103819.0,11035.0,,,,
21583,20100329.0,1.0,103819.0,11035.0,,,,
23377,20100405.0,1.0,103819.0,10765.0,,,,
25175,20100412.0,1.0,103819.0,10765.0,,,,
26976,20100419.0,1.0,103819.0,10690.0,,,,
28781,20100426.0,1.0,103819.0,10690.0,,,,
30580,20100503.0,1.0,103819.0,10340.0,,,,
32376,20100510.0,1.0,103819.0,10430.0,,,,
34169,20100517.0,1.0,103819.0,10030.0,,,,
35962,20100524.0,1.0,103819.0,10030.0,,,,
37752,20100531.0,1.0,103819.0,10030.0,,,,
39543,20100607.0,2.0,103819.0,8390.0,,,,
41315,20100614.0,2.0,103819.0,8525.0,,,,
43086,20100621.0,2.0,103819.0,8525.0,,,,
44866,20100628.0,2.0,103819.0,8525.0,,,,
46647,20100705.0,3.0,103819.0,6885.0,,,,
48423,20100712.0,3.0,103819.0,6885.0,,,,
50201,20100719.0,3.0,103819.0,6885.0,,,,
51983,20100726.0,3.0,103819.0,6795.0,,,,
53763,20100802.0,3.0,103819.0,6795.0,,,,
55545,20100809.0,3.0,103819.0,6795.0,,,,
57324,20100816.0,2.0,103819.0,7215.0,,,,
59102,20100823.0,2.0,103819.0,7215.0,,,,
60887,20100830.0,2.0,103819.0,7215.0,,,,
62668,20100906.0,2.0,103819.0,7215.0,,,,
64450,20100913.0,3.0,103819.0,6735.0,,,,
66223,20100920.0,3.0,103819.0,6735.0,,,,
67994,20100927.0,3.0,103819.0,6735.0,,,,
69767,20101004.0,3.0,103819.0,6735.0,,,,
71548,20101011.0,3.0,103819.0,6735.0,,,,
73336,20101018.0,2.0,103819.0,7335.0,,,,
75100,20101025.0,2.0,103819.0,7495.0,,,,
76865,20101101.0,2.0,103819.0,7495.0,,,,
78627,20101108.0,2.0,103819.0,7695.0,,,,
80387,20101115.0,2.0,103819.0,7645.0,,,,
82145,20101122.0,2.0,103819.0,7645.0,,,,
83896,20101129.0,2.0,103819.0,9145.0,,,,
85644,20101206.0,2.0,103819.0,9145.0,,,,
87389,20101213.0,2.0,103819.0,9145.0,,,,
89136,20101220.0,2.0,103819.0,9145.0,,,,
90882,20101227.0,2.0,103819.0,9145.0,,,,
92636,20110103.0,2.0,103819.0,9145.0,,,,
94389,20110110.0,2.0,103819.0,9245.0,,,,
96141,20110117.0,2.0,103819.0,9245.0,,,,
97894,20110131.0,2.0,103819.0,7965.0,,,,
99653,20110207.0,2.0,103819.0,7965.0,,,,
101414,20110214.0,2.0,103819.0,7965.0,,,,
103178,20110221.0,2.0,103819.0,7965.0,,,,
104943,20110228.0,2.0,103819.0,7965.0,,,,
106702,20110307.0,2.0,103819.0,7965.0,,,,
108463,20110321.0,3.0,103819.0,8280.0,,,,
110235,20110404.0,3.0,103819.0,8550.0,,,,
112009,20110411.0,3.0,103819.0,8550.0,,,,
113785,20110418.0,3.0,103819.0,8550.0,,,,
115559,20110425.0,3.0,103819.0,8550.0,,,,
117333,20110502.0,3.0,103819.0,8690.0,,,,
119105,20110509.0,3.0,103819.0,8900.0,,,,
120880,20110516.0,3.0,103819.0,8390.0,,,,
122660,20110523.0,3.0,103819.0,8390.0,,,,
124456,20110606.0,3.0,103819.0,9230.0,,,,
126303,20110613.0,3.0,103819.0,9230.0,,,,
128160,20110620.0,3.0,103819.0,9230.0,,,,
130022,20110704.0,3.0,103819.0,9230.0,,,,
131891,20110711.0,3.0,103819.0,9230.0,,,,
133752,20110718.0,3.0,103819.0,9230.0,,,,
135631,20110725.0,3.0,103819.0,9530.0,,,,
137515,20110801.0,3.0,103819.0,9530.0,,,,
139396,20110808.0,3.0,103819.0,9710.0,,,,
141279,20110815.0,3.0,103819.0,9200.0,,,,
143167,20110822.0,3.0,103819.0,8380.0,,,,
145064,20110829.0,3.0,103819.0,8380.0,,,,
146969,20110912.0,3.0,103819.0,8380.0,,,,
148893,20110919.0,3.0,103819.0,8380.0,,,,
150824,20110926.0,3.0,103819.0,8380.0,,,,
152762,20111003.0,3.0,103819.0,8380.0,,,,
154703,20111010.0,3.0,103819.0,8380.0,,,,
156647,20111017.0,4.0,103819.0,7780.0,,,,
158601,20111024.0,4.0,103819.0,7530.0,,,,
160550,20111031.0,4.0,103819.0,7530.0,,,,
162500,20111107.0,4.0,103819.0,7530.0,,,,
164453,20111114.0,4.0,103819.0,6670.0,,,,
166396,20111121.0,4.0,103819.0,6670.0,,,,
168344,20111128.0,3.0,103819.0,8170.0,,,,
170295,20111205.0,3.0,103819.0,8170.0,,,,
172244,20111212.0,3.0,103819.0,8170.0,,,,
174196,20111219.0,3.0,103819.0,8170.0,,,,
176144,20111226.0,3.0,103819.0,8170.0,,,,
178087,20120102.0,3.0,103819.0,8170.0,,,,
180031,20120109.0,3.0,103819.0,8010.0,,,,
181976,20120116.0,3.0,103819.0,8010.0,,,,
183917,20120130.0,3.0,103819.0,8010.0,,,,
185844,20120206.0,3.0,103819.0,8010.0,,,,
187776,20120213.0,3.0,103819.0,8010.0,,,,
189706,20120220.0,3.0,103819.0,8330.0,,,,
191638,20120227.0,3.0,103819.0,8235.0,,,,
193576,20120305.0,3.0,103819.0,8710.0,,,,
195517,20120319.0,3.0,103819.0,9350.0,,,,
197452,20120402.0,3.0,103819.0,9035.0,,,,
199393,20120409.0,3.0,103819.0,9035.0,,,,
201337,20120416.0,3.0,103819.0,8880.0,,,,
203285,20120423.0,3.0,103819.0,8880.0,,,,
205231,20120430.0,3.0,103819.0,8880.0,,,,
207183,20120507.0,3.0,103819.0,8520.0,,,,
209132,20120514.0,2.0,103819.0,9430.0,,,,
211085,20120521.0,3.0,103819.0,9790.0,,,,
213024,20120528.0,3.0,103819.0,9790.0,,,,
214978,20120611.0,3.0,103819.0,9310.0,,,,
216888,20120618.0,3.0,103819.0,9435.0,,,,
218799,20120625.0,3.0,103819.0,9435.0,,,,
220722,20120709.0,1.0,103819.0,11075.0,,,,
222634,20120716.0,1.0,103819.0,11075.0,,,,
224503,20120723.0,1.0,103819.0,11075.0,,,,
226419,20120730.0,1.0,103819.0,11075.0,,,,
228345,20120806.0,1.0,103819.0,11435.0,,,,
230282,20120813.0,1.0,103819.0,11345.0,,,,
232220,20120820.0,1.0,103819.0,12165.0,,,,
234151,20120827.0,1.0,103819.0,12165.0,,,,
236083,20120910.0,1.0,103819.0,11805.0,,,,
238005,20120917.0,1.0,103819.0,11805.0,,,,
239941,20120924.0,1.0,103819.0,11805.0,,,,
241887,20121001.0,1.0,103819.0,11805.0,,,,
243840,20121008.0,1.0,103819.0,11805.0,,,,
245791,20121015.0,1.0,103819.0,12165.0,,,,
247738,20121022.0,1.0,103819.0,12165.0,,,,
249686,20121029.0,1.0,103819.0,12315.0,,,,
251641,20121105.0,2.0,103819.0,9465.0,,,,
253592,20121112.0,2.0,103819.0,10265.0,,,,
255548,20121119.0,2.0,103819.0,10265.0,,,,
257485,20121126.0,2.0,103819.0,10265.0,,,,
259423,20121203.0,2.0,103819.0,10265.0,,,,
261376,20121210.0,2.0,103819.0,10265.0,,,,
263347,20121217.0,2.0,103819.0,10265.0,,,,
265328,20121224.0,2.0,103819.0,10265.0,,,,
267312,20121231.0,2.0,103819.0,10265.0,,,,
269297,20130107.0,2.0,103819.0,10265.0,,,,
271283,20130114.0,2.0,103819.0,10265.0,,,,
273269,20130128.0,2.0,103819.0,10265.0,,,,
275247,20130204.0,2.0,103819.0,10265.0,,,,
277224,20130211.0,2.0,103819.0,10265.0,,,,
279201,20130218.0,2.0,103819.0,9855.0,,,,
281182,20130225.0,2.0,103819.0,9855.0,,,,
283159,20130304.0,2.0,103819.0,9535.0,,,,
285136,20130318.0,2.0,103819.0,8715.0,,,,
287118,20130401.0,3.0,103819.0,8670.0,,,,
289093,20130408.0,3.0,103819.0,8670.0,,,,
291061,20130415.0,3.0,103819.0,8670.0,,,,
293030,20130422.0,2.0,103819.0,8670.0,,,,
295000,20130429.0,2.0,103819.0,8670.0,,,,
296962,20130506.0,2.0,103819.0,8670.0,,,,
298937,20130513.0,3.0,103819.0,7760.0,,,,
300918,20130520.0,3.0,103819.0,8000.0,,,,
302909,20130527.0,3.0,103819.0,8000.0,,,,
304910,20130610.0,3.0,103819.0,7640.0,,,,
306921,20130617.0,3.0,103819.0,7740.0,,,,
308953,20130624.0,3.0,103819.0,7740.0,,,,
310993,20130708.0,5.0,103819.0,5785.0,,,,
313038,20130715.0,5.0,103819.0,5785.0,,,,
315100,20130722.0,5.0,103819.0,5875.0,,,,
317157,20130729.0,5.0,103819.0,5875.0,,,,
319208,20130805.0,5.0,103819.0,5515.0,,,,
321277,20130812.0,5.0,103819.0,5515.0,,,,
323353,20130819.0,7.0,103819.0,4695.0,,,,
325444,20130826.0,7.0,103819.0,4695.0,,,,
327547,20130909.0,6.0,103819.0,4515.0,,,,
329687,20130916.0,5.0,103819.0,4515.0,,,,
331812,20130923.0,5.0,103819.0,4515.0,,,,
333937,20130930.0,6.0,103819.0,4515.0,,,,
336065,20131007.0,7.0,103819.0,4515.0,,,,
338201,20131014.0,7.0,103819.0,4245.0,,,,
340340,20131021.0,6.0,103819.0,4245.0,,,,
342501,20131028.0,6.0,103819.0,4245.0,,,,
344673,20131104.0,7.0,103819.0,3805.0,,,,
346851,20131111.0,6.0,103819.0,4205.0,,,,
349025,20131118.0,6.0,103819.0,4205.0,,,,
351205,20131125.0,6.0,103819.0,4205.0,,,,
353394,20131202.0,6.0,103819.0,4205.0,,,,
355576,20131209.0,6.0,103819.0,4205.0,,,,
357758,20131216.0,6.0,103819.0,4205.0,,,,
359930,20131223.0,6.0,103819.0,4205.0,,,,
362099,20131230.0,6.0,103819.0,4205.0,,,,
364268,20140106.0,6.0,103819.0,4355.0,,,,
366429,20140113.0,6.0,103819.0,4355.0,,,,
368591,20140127.0,8.0,103819.0,4355.0,,,,
370753,20140203.0,8.0,103819.0,4355.0,,,,
372916,20140210.0,8.0,103819.0,4355.0,,,,
375085,20140217.0,8.0,103819.0,4305.0,,,,
377256,20140224.0,8.0,103819.0,4305.0,,,,
379433,20140303.0,8.0,103819.0,4625.0,,,,
381606,20140317.0,5.0,103819.0,5045.0,,,,
383790,20140331.0,4.0,103819.0,5225.0,,,,
385990,20140407.0,4.0,103819.0,5355.0,,,,
388186,20140414.0,4.0,103819.0,5355.0,,,,
390393,20140421.0,4.0,103819.0,5805.0,,,,
392601,20140428.0,4.0,103819.0,5805.0,,,,
394817,20140505.0,4.0,103819.0,5805.0,,,,
397040,20140512.0,4.0,103819.0,5715.0,,,,
399267,20140519.0,4.0,103819.0,5125.0,,,,
401477,20140526.0,4.0,103819.0,5125.0,,,,
403676,20140609.0,4.0,103819.0,4945.0,,,,
405875,20140616.0,4.0,103819.0,4945.0,,,,
408086,20140623.0,4.0,103819.0,4945.0,,,,
410295,20140707.0,3.0,103819.0,6100.0,,,,
412528,20140714.0,3.0,103819.0,6100.0,,,,
414765,20140721.0,3.0,103819.0,6070.0,,,,
417005,20140728.0,3.0,103819.0,6070.0,,,,
419254,20140804.0,3.0,103819.0,6070.0,,,,
421506,20140811.0,3.0,103819.0,6670.0,,,,
423759,20140818.0,3.0,103819.0,7490.0,,,,
426003,20140825.0,3.0,103819.0,7490.0,,,,
428235,20140908.0,3.0,103819.0,8030.0,,,,
430464,20140915.0,3.0,103819.0,8170.0,,,,
432705,20140922.0,3.0,103819.0,8170.0,,,,
434933,20140929.0,3.0,103819.0,8170.0,,,,
437148,20141006.0,3.0,103819.0,8170.0,,,,
439348,20141013.0,2.0,103819.0,9080.0,,,,
441526,20141020.0,2.0,103819.0,9080.0,,,,
443691,20141027.0,2.0,103819.0,9280.0,,,,
445853,20141103.0,2.0,103819.0,8700.0,,,,
448007,20141110.0,2.0,103819.0,8700.0,,,,
450160,20141117.0,2.0,103819.0,9700.0,,,,
452320,20141124.0,2.0,103819.0,9775.0,,,,
454490,20141201.0,2.0,103819.0,9775.0,,,,
456658,20141208.0,2.0,103819.0,9775.0,,,,
458822,20141215.0,2.0,103819.0,9775.0,,,,
460990,20141222.0,2.0,103819.0,9775.0,,,,
463169,20141229.0,2.0,103819.0,9775.0,,,,
465353,20150105.0,2.0,103819.0,9625.0,,,,
467535,20150112.0,2.0,103819.0,9875.0,,,,
469717,20150119.0,2.0,103819.0,9875.0,,,,
471901,20150202.0,2.0,103819.0,9245.0,,,,
474094,20150209.0,2.0,103819.0,9205.0,,,,
476285,20150216.0,2.0,103819.0,9205.0,,,,
478470,20150223.0,2.0,103819.0,9205.0,,,,
480651,20150302.0,2.0,103819.0,9205.0,,,,
482832,20150309.0,2.0,103819.0,9205.0,,,,
485018,20150323.0,2.0,103819.0,9205.0,,,,
487197,20150406.0,2.0,103819.0,8895.0,,,,
489369,20150413.0,2.0,103819.0,8895.0,,,,
491548,20150420.0,2.0,103819.0,8385.0,,,,
493732,20150427.0,2.0,103819.0,8385.0,,,,
495913,20150504.0,2.0,103819.0,8635.0,,,,
498095,20150511.0,2.0,103819.0,8645.0,,,,
500292,20150518.0,2.0,103819.0,9235.0,,,,
502505,20150525.0,2.0,103819.0,9235.0,,,,
504723,20150608.0,2.0,103819.0,9415.0,,,,
506936,20150615.0,2.0,103819.0,9165.0,,,,
509157,20150622.0,2.0,103819.0,9665.0,,,,
511398,20150629.0,2.0,103819.0,9665.0,,,,
513669,20150713.0,2.0,103819.0,9665.0,,,,
515923,20150720.0,2.0,103819.0,9665.0,,,,
518170,20150727.0,2.0,103819.0,9665.0,,,,
520404,20150803.0,2.0,103819.0,9665.0,,,,
522631,20150810.0,2.0,103819.0,9065.0,,,,
524875,20150817.0,3.0,103819.0,8065.0,,,,
527112,20150824.0,2.0,103819.0,9065.0,,,,
529348,20150831.0,2.0,103819.0,9065.0,,,,
531607,20150914.0,2.0,103819.0,9405.0,,,,
533815,20150921.0,2.0,103819.0,9420.0,,,,
536034,20150928.0,2.0,103819.0,9420.0,,,,
538253,20151005.0,2.0,103819.0,9420.0,,,,
540487,20151012.0,3.0,103819.0,8420.0,,,,
542728,20151019.0,3.0,103819.0,8430.0,,,,
544970,20151026.0,3.0,103819.0,7930.0,,,,
547222,20151102.0,2.0,103819.0,8250.0,,,,
549474,20151109.0,3.0,103819.0,7340.0,,,,
551726,20151116.0,3.0,103819.0,7340.0,,,,
553976,20151123.0,3.0,103819.0,8265.0,,,,
556219,20151130.0,3.0,103819.0,8265.0,,,,
558461,20151207.0,3.0,103819.0,8265.0,,,,
560713,20151214.0,3.0,103819.0,8265.0,,,,
562972,20151221.0,3.0,103819.0,8265.0,,,,
565226,20151228.0,3.0,103819.0,8265.0,,,,
567481,20160104.0,3.0,103819.0,8265.0,,,,
569736,20160111.0,3.0,103819.0,8165.0,,,,
571991,20160118.0,3.0,103819.0,8165.0,,,,
574244,20160201.0,3.0,103819.0,8795.0,,,,
576499,20160208.0,3.0,103819.0,8795.0,,,,
578757,20160215.0,3.0,103819.0,8795.0,,,,
581016,20160222.0,3.0,103819.0,8795.0,,,,
583277,20160229.0,3.0,103819.0,8295.0,,,,
585536,20160307.0,3.0,103819.0,8295.0,,,,
587797,20160321.0,3.0,103819.0,7695.0,,,,
590059,20160404.0,3.0,103819.0,7695.0,,,,
592315,20160411.0,3.0,103819.0,7695.0,,,,
594561,20160418.0,3.0,103819.0,7785.0,,,,
596807,20160425.0,3.0,103819.0,7785.0,,,,
599047,20160502.0,3.0,103819.0,7535.0,,,,
601276,20160509.0,2.0,103819.0,7525.0,,,,
603501,20160516.0,3.0,103819.0,7015.0,,,,
605717,20160523.0,3.0,103819.0,7015.0,,,,
607934,20160606.0,3.0,103819.0,6655.0,,,,
610155,20160613.0,3.0,103819.0,6745.0,,,,
611764,20160620.0,3.0,103819.0,6425.0,,,,
613939,20160627.0,3.0,103819.0,6425.0,,,,
616109,20160711.0,3.0,103819.0,5945.0,,,,
618255,20160718.0,3.0,103819.0,5945.0,,,,
620402,20160725.0,3.0,103819.0,5945.0,,,,
622560,20160801.0,3.0,103819.0,5945.0,,,,
624715,20160808.0,3.0,103819.0,5945.0,,,,
626858,20160815.0,3.0,103819.0,5945.0,,,,
628998,20160822.0,4.0,103819.0,4945.0,,,,
631128,20160829.0,4.0,103819.0,4945.0,,,,
633249,20160912.0,7.0,103819.0,3745.0,,,,
635329,20160919.0,7.0,103819.0,3730.0,,,,
637391,20160926.0,7.0,103819.0,3730.0,,,,
639448,20161003.0,7.0,103819.0,3730.0,,,,
641509,20161010.0,7.0,103819.0,3730.0,,,,
643574,20161017.0,8.0,103819.0,3720.0,,,,
645643,20161024.0,7.0,103819.0,3720.0,,,,
647710,20161031.0,9.0,103819.0,3220.0,,,,
649791,20161107.0,16.0,103819.0,2130.0,,,,
651869,20161114.0,16.0,103819.0,2130.0,,,,
653952,20161121.0,16.0,103819.0,2130.0,,,,
656059,20161128.0,16.0,103819.0,2130.0,,,,
658161,20161205.0,16.0,103819.0,2130.0,,,,
660251,20161212.0,16.0,103819.0,2130.0,,,,
662339,20161219.0,16.0,103819.0,2130.0,,,,
664421,20161226.0,16.0,103819.0,2130.0,,,,
666507,20170102.0,16.0,103819.0,2130.0,,,,
668602,20170109.0,17.0,103819.0,1980.0,,,,
670696,20170116.0,17.0,103819.0,1980.0,,,,
672784,20170130.0,10.0,103819.0,3260.0,,,,
674887,20170206.0,10.0,103819.0,3260.0,,,,
676989,20170213.0,9.0,103819.0,3260.0,,,,
679094,20170220.0,9.0,103819.0,3260.0,,,,
681200,20170227.0,10.0,103819.0,3260.0,,,,
683307,20170306.0,10.0,103819.0,3305.0,,,,
685407,20170320.0,6.0,103819.0,4305.0,,,,
687505,20170403.0,4.0,103819.0,5305.0,,,,
689598,20170410.0,4.0,103819.0,5305.0,,,,
691693,20170417.0,4.0,103819.0,5125.0,,,,
693793,20170424.0,4.0,103819.0,5125.0,,,,
695895,20170501.0,4.0,103819.0,5125.0,,,,
697995,20170508.0,4.0,103819.0,5125.0,,,,
700093,20170515.0,5.0,103819.0,5035.0,,,,
702184,20170522.0,5.0,103819.0,5035.0,,,,
704277,20170529.0,5.0,103819.0,5035.0,,,,
706381,20170612.0,5.0,103819.0,4945.0,,,,
708454,20170619.0,5.0,103819.0,4765.0,,,,
710523,20170626.0,5.0,103819.0,5265.0,,,,
712597,20170703.0,5.0,103819.0,5265.0,,,,
714704,20170710.0,5.0,103819.0,5265.0,,,,
716809,20170717.0,3.0,103819.0,6545.0,,,,
718907,20170724.0,3.0,103819.0,6545.0,,,,
720994,20170731.0,3.0,103819.0,6545.0,,,,
723087,20170807.0,3.0,103819.0,6545.0,,,,
725180,20170814.0,3.0,103819.0,7145.0,,,,
727272,20170821.0,3.0,103819.0,7145.0,,,,
729361,20170828.0,3.0,103819.0,7145.0,,,,
731452,20170911.0,2.0,103819.0,7505.0,,,,
733554,20170918.0,2.0,103819.0,7505.0,,,,
735653,20170925.0,2.0,103819.0,7505.0,,,,
737743,20171002.0,2.0,103819.0,7505.0,,,,
739839,20171009.0,2.0,103819.0,7505.0,,,,
741932,20171016.0,2.0,103819.0,8505.0,,,,
744018,20171023.0,2.0,103819.0,8505.0,,,,
746099,20171030.0,2.0,103819.0,9005.0,,,,
748162,20171106.0,2.0,103819.0,9005.0,,,,
750205,20171113.0,2.0,103819.0,9005.0,,,,
752232,20171120.0,2.0,103819.0,9605.0,,,,
754232,20171127.0,2.0,103819.0,9605.0,,,,
756230,20171204.0,2.0,103819.0,9605.0,,,,
758227,20171211.0,2.0,103819.0,9605.0,,,,
760212,20171218.0,2.0,103819.0,9605.0,,,,
762207,20171225.0,2.0,103819.0,9605.0,,,,
764192,20180101.0,2.0,103819.0,9605.0,,,,
766180,20180108.0,2.0,103819.0,9605.0,,,,
768164,20180115.0,2.0,103819.0,9605.0,,,,
770145,20180129.0,2.0,103819.0,9605.0,,,,
772121,20180205.0,2.0,103819.0,9605.0,,,,
774095,20180212.0,2.0,103819.0,9605.0,,,,
776066,20180219.0,1.0,103819.0,10105.0,,,,
778038,20180226.0,1.0,103819.0,10105.0,,,,
780007,20180305.0,1.0,103819.0,10060.0,,,,
781974,20180319.0,1.0,103819.0,9660.0,,,,
783954,20180402.0,2.0,103819.0,8670.0,,,,
785931,20180409.0,2.0,103819.0,8670.0,,,,
787908,20180416.0,2.0,103819.0,8670.0,,,,
789878,20180423.0,2.0,103819.0,8670.0,,,,
791846,20180430.0,2.0,103819.0,8670.0,,,,
793812,20180507.0,2.0,103819.0,8670.0,,,,
795785,20180514.0,1.0,103819.0,8670.0,,,,
797761,20180521.0,2.0,103819.0,8670.0,,,,
799737,20180528.0,2.0,103819.0,8670.0,,,,
801714,20180611.0,2.0,103819.0,8670.0,,,,
803700,20180618.0,1.0,103819.0,8920.0,,,,
805690,20180625.0,2.0,103819.0,8720.0,,,,
807678,20180702.0,2.0,103819.0,8720.0,,,,
809654,20180716.0,2.0,103819.0,7080.0,,,,
811624,20180723.0,2.0,103819.0,7080.0,,,,
813590,20180730.0,2.0,103819.0,7080.0,,,,
815551,20180806.0,2.0,103819.0,7080.0,,,,
817508,20180813.0,2.0,103819.0,6480.0,,,,
819460,20180820.0,2.0,103819.0,7080.0,,,,
821421,20180827.0,2.0,103819.0,7080.0,,,,
823390,20180910.0,2.0,103819.0,6900.0,,,,
825376,20180917.0,2.0,103819.0,6900.0,,,,
827361,20180924.0,2.0,103819.0,6900.0,,,,
829354,20181001.0,2.0,103819.0,6900.0,,,,
831353,20181008.0,2.0,103819.0,6900.0,,,,
833367,20181015.0,3.0,103819.0,6260.0,,,,
835395,20181022.0,3.0,103819.0,6260.0,,,,
837427,20181029.0,3.0,103819.0,6260.0,,,,
839459,20181105.0,3.0,103819.0,6020.0,,,,
841496,20181112.0,3.0,103819.0,6020.0,,,,
843541,20181119.0,3.0,103819.0,6420.0,,,,
845595,20181126.0,3.0,103819.0,6420.0,,,,
847652,20181203.0,3.0,103819.0,6420.0,,,,
849710,20181210.0,3.0,103819.0,6420.0,,,,
851760,20181217.0,3.0,103819.0,6420.0,,,,
853807,20181224.0,3.0,103819.0,6420.0,,,,
855848,20181231.0,3.0,103819.0,6420.0,,,,
856527,20190107.0,3.0,103819.0,6420.0,,,,
857206,20190114.0,3.0,103819.0,6420.0,,,,
857887,20190128.0,6.0,103819.0,4600.0,,,,
858572,20190204.0,6.0,103819.0,4600.0,,,,
859257,20190211.0,6.0,103819.0,4600.0,,,,
859940,20190218.0,7.0,103819.0,4100.0,,,,
860624,20190225.0,7.0,103819.0,4100.0,,,,
861303,20190304.0,4.0,103819.0,4600.0,,,,
861985,20190311.0,4.0,103819.0,4600.0,,,,
862668,20190318.0,5.0,103819.0,4600.0,,,,
863348,20190401.0,4.0,103819.0,5590.0,,,,
864030,20190408.0,4.0,103819.0,5590.0,,,,
864715,20190415.0,4.0,103819.0,5590.0,,,,
865401,20190422.0,4.0,103819.0,5590.0,,,,
866088,20190429.0,4.0,103819.0,5590.0,,,,
866773,20190506.0,3.0,103819.0,5590.0,,,,
867454,20190513.0,3.0,103819.0,5770.0,,,,
868134,20190520.0,3.0,103819.0,5950.0,,,,
868814,20190527.0,3.0,103819.0,5950.0,,,,
869492,20190610.0,3.0,103819.0,6670.0,,,,
870173,20190617.0,3.0,103819.0,6420.0,,,,
870855,20190624.0,3.0,103819.0,6620.0,,,,
871541,20190701.0,3.0,103819.0,6620.0,,,,
872225,20190715.0,3.0,103819.0,7460.0,,,,
872912,20190722.0,3.0,103819.0,7460.0,,,,
873598,20190729.0,3.0,103819.0,7460.0,,,,
874282,20190805.0,3.0,103819.0,7460.0,,,,
876275,20190812.0,3.0,103819.0,7460.0,,,,
878261,20190819.0,3.0,103819.0,6950.0,,,,
880251,20190826.0,3.0,103819.0,6950.0,,,,
882254,20190909.0,3.0,103819.0,7130.0,,,,
884233,20190916.0,3.0,103819.0,7130.0,,,,
886206,20190923.0,3.0,103819.0,7130.0,,,,
888182,20190930.0,3.0,103819.0,7130.0,,,,
890170,20191007.0,3.0,103819.0,7130.0,,,,
892153,20191014.0,3.0,103819.0,6950.0,,,,
894136,20191021.0,3.0,103819.0,6950.0,,,,
896114,20191028.0,3.0,103819.0,6950.0,,,,
898095,20191104.0,3.0,103819.0,6190.0,,,,
900072,20191111.0,3.0,103819.0,6190.0,,,,
902036,20191118.0,3.0,103819.0,6590.0,,,,
904000,20191125.0,3.0,103819.0,6590.0,,,,
905942,20191202.0,3.0,103819.0,6590.0,,,,
907887,20191209.0,3.0,103819.0,6590.0,,,,
909827,20191216.0,3.0,103819.0,6590.0,,,,
911760,20191223.0,3.0,103819.0,6590.0,,,,
913693,20191230.0,3.0,103819.0,6590.0,,,,
4,20210104.0,5.0,103819.0,6630.0,,,,
2009,20210111.0,5.0,103819.0,6630.0,,,,
4015,20210118.0,5.0,103819.0,6630.0,,,,
6032,20210125.0,5.0,103819.0,6630.0,,,,
8053,20210201.0,5.0,103819.0,6630.0,,,,
10075,20210208.0,5.0,103819.0,6630.0,,,,
12097,20210222.0,5.0,103819.0,6630.0,,,,
14126,20210301.0,5.0,103819.0,6630.0,,,,
16157,20210308.0,6.0,103819.0,6630.0,,,,
18189,20210315.0,6.0,103819.0,6375.0,,,,
20225,20210322.0,6.0,103819.0,6375.0,,,,
22269,20210405.0,7.0,103819.0,5875.0,,,,
24320,20210412.0,7.0,103819.0,5875.0,,,,
26379,20210419.0,8.0,103819.0,5875.0,,,,
28444,20210426.0,8.0,103819.0,5875.0,,,,
30511,20210503.0,8.0,103819.0,5875.0,,,,
32582,20210510.0,8.0,103819.0,5785.0,,,,
34654,20210517.0,8.0,103819.0,5605.0,,,,
36729,20210524.0,8.0,103819.0,5605.0,,,,
38809,20210531.0,8.0,103819.0,5605.0,,,,
40892,20210614.0,8.0,103819.0,5065.0,,,,
42993,20210621.0,8.0,103819.0,4815.0,,,,
45101,20210628.0,8.0,103819.0,4815.0,,,,
47213,20210712.0,9.0,103819.0,4215.0,,,,
49333,20210719.0,9.0,103819.0,4215.0,,,,
51464,20210726.0,9.0,103819.0,4215.0,,,,
53601,20210802.0,9.0,103819.0,4215.0,,,,
55747,20210809.0,9.0,103819.0,4215.0,,,,
57904,20210816.0,9.0,103819.0,4215.0,,,,
60058,20210823.0,9.0,103819.0,4125.0,,,,
62204,20210830.0,9.0,103819.0,4125.0,,,,
64360,20210913.0,9.0,103819.0,3765.0,,,,
66504,20210920.0,9.0,103819.0,3765.0,,,,
68642,20210927.0,9.0,103819.0,3765.0,,,,
70776,20211004.0,9.0,103819.0,3765.0,,,,
72917,20211018.0,11.0,103819.0,3285.0,,,,
